{
    "model": "lstm",
    "metrics": {
        "mae": 33.16253132944041,
        "rmse": 58.716749667747486,
        "r2": 0.8086563267492046,
        "stockout_accuracy": 0.9923350158908207,
        "precision": 0.9987775061124694,
        "recall": 0.9533255542590432,
        "f1-score": 0.9755223880597015
    }
}